{"cam_K": [605.9873046875, 0.0, 321.05438232421875, 0.0, 605.44921875, 256.1239013671875, 0.0, 0.0, 1.0], "depth_scale": 1.0}